,City,Cloudiness,Country,Date,Humidity,Lat,Lon,Max Temp,Wind Speed
0,Tuktoyaktuk,40,CA,1547953200.0,83,69.44,-133.03,-7.599999999999952,3.6
1,Port Elizabeth,90,US,1547954460.0,93,39.31,-74.98,44.96000000000008,7.7
2,Batagay-Alyta,56,RU,1547956198.0,0,67.8,130.41,-43.558599999999956,1.21
3,Pevek,44,RU,1547956198.0,100,69.7,170.27,-22.453599999999966,2.91
4,Hithadhoo,88,MV,1547956133.0,100,-0.6,73.08,79.38140000000007,2.46
5,Castro,0,CL,1547953200.0,93,-42.48,-73.76,53.6,1.5
6,Goya,64,AR,1547956199.0,89,-29.14,-59.27,69.03140000000008,4.61
7,Tautira,40,PF,1547955000.0,66,-17.73,-149.15,84.2,5.1
8,Kodiak,1,US,1547955300.0,55,39.95,-94.76,10.04000000000002,2.1
9,Ushuaia,40,AR,1547953200.0,57,-54.81,-68.31,48.2,11.8
10,Qaanaaq,0,GL,1547956200.0,100,77.48,-69.36,-26.143599999999935,5.26
11,Makaha,90,US,1547955480.0,82,21.47,-158.22,80.06000000000009,3.6
12,Vaini,0,IN,1547953200.0,52,15.34,74.49,68.0,2.6
13,Albany,90,US,1547954220.0,79,42.65,-73.75,24.08000000000004,2.6
14,Okha,8,RU,1547956200.0,96,53.59,142.95,0.18140000000006395,8.16
15,Sechura,0,PE,1547956201.0,86,-5.56,-80.82,73.44140000000004,3.76
16,Rikitea,92,PF,1547956201.0,100,-23.12,-134.97,80.14640000000009,5.01
17,Nikolskoye,20,RU,1547955000.0,85,59.7,30.79,24.8,5.0
18,Alofi,92,NU,1547953200.0,83,-19.06,-169.92,84.2,3.6
19,Gijon,92,ES,1547953200.0,76,43.54,-5.66,50.0,3.6
20,Pisco,0,PE,1547953200.0,88,-13.71,-76.2,69.80000000000001,4.1
21,Mataura,92,NZ,1547956202.0,95,-46.19,168.86,55.30640000000007,11.31
22,Kapaa,1,US,1547952960.0,68,22.08,-159.32,80.06000000000009,5.7
23,Carauari,8,BR,1547956203.0,93,-4.88,-66.9,77.26640000000005,1.76
24,Tibati,8,CM,1547956203.0,61,6.47,12.63,61.831400000000066,1.16
25,Yellowknife,90,CA,1547954400.0,76,62.45,-114.38,-5.799999999999947,4.6
26,Hobart,75,AU,1547953200.0,36,-42.88,147.33,77.0,5.1
27,Sucua,76,EC,1547956204.0,97,-2.46,-78.17,63.18140000000007,1.66
28,Vostok,64,RU,1547956204.0,64,46.45,135.83,1.9814000000000647,1.41
29,Mildura,20,AU,1547953200.0,25,-34.18,142.16,86.0,3.6
30,Hilo,20,US,1547952780.0,68,19.71,-155.08,77.0,3.1
31,Mar del Plata,0,AR,1547955917.0,30,-46.43,-67.52,76.27820000000008,8.61
32,Maniitsoq,80,GL,1547956205.0,100,65.42,-52.9,16.831400000000066,2.96
33,Lagoa,20,PT,1547953200.0,87,37.14,-8.45,57.2,5.7
34,New Norfolk,75,AU,1547955000.0,31,-42.78,147.06,78.80000000000001,4.6
35,Busselton,0,AU,1547956205.0,66,-33.64,115.35,82.26140000000001,2.06
36,Puerto Ayora,92,EC,1547956205.0,100,-0.74,-90.35,77.26640000000005,3.41
37,Batsfjord,88,NO,1547956206.0,100,70.63,29.72,30.691400000000044,8.01
38,Faanui,32,PF,1547956206.0,100,-16.48,-151.75,83.79140000000004,5.16
39,Westport,92,IE,1547956206.0,100,53.8,-9.52,44.59640000000009,7.66
40,Half Moon Bay,75,US,1547952960.0,62,37.46,-122.43,62.06000000000009,1.5
41,Hommelvik,75,NO,1547952600.0,86,63.41,10.8,28.4,5.7
42,Tumut,0,AU,1547956207.0,53,-35.3,148.22,82.84640000000009,1.21
43,Avarua,75,CK,1547953200.0,79,-21.21,-159.78,84.2,1.0
44,Port Alfred,92,ZA,1547955916.0,100,-33.59,26.89,61.561400000000006,2.51
45,Dunedin,68,NZ,1547956020.0,56,-45.87,170.5,65.88140000000007,9.26
46,Ambilobe,92,MG,1547956031.0,99,-13.19,49.05,72.54140000000004,3.21
47,Botshabelo,0,ZA,1547953200.0,71,-29.23,26.73,55.400000000000006,2.1
48,Khakhea,0,BW,1547956208.0,23,-24.69,23.5,60.39140000000005,3.81
49,Aldan,64,RU,1547956208.0,68,58.61,125.39,-16.513599999999947,1.21
50,Bluff,0,AU,1547956080.0,38,-23.58,149.07,92.34140000000005,5.66
51,Hermanus,8,ZA,1547956208.0,96,-34.42,19.24,45.09140000000004,2.01
52,Touros,20,BR,1547953200.0,83,-5.2,-35.46,80.6,3.1
53,Okhotsk,64,RU,1547956036.0,100,59.36,143.24,-7.423599999999979,5.21
54,Mount Gambier,0,AU,1547953200.0,51,-37.83,140.78,80.6,5.7
55,Sitka,0,US,1547956209.0,79,37.17,-99.65,17.416400000000046,1.96
56,Stokmarknes,32,NO,1547956209.0,100,68.56,14.91,25.291400000000046,1.56
57,Nuuk,80,GL,1547952600.0,85,64.17,-51.74,17.6,4.1
58,Mahebourg,40,MU,1547953200.0,83,-20.41,57.7,78.80000000000001,1.5
59,Victoria,75,BN,1547953200.0,83,5.28,115.24,86.0,3.1
60,Ancud,92,CL,1547953200.0,93,-41.87,-73.83,53.6,1.5
61,Punta Arenas,20,CL,1547953200.0,86,-53.16,-70.91,48.2,10.3
62,Kenai,1,US,1547952960.0,87,60.55,-151.26,8.960000000000083,2.6
63,Broken Hill,92,AU,1547953200.0,14,-31.97,141.45,87.80000000000001,6.7
64,Margate,75,AU,1547955000.0,31,-43.03,147.26,78.80000000000001,4.6
65,Borba,88,PT,1547956211.0,99,38.81,-7.46,51.211400000000005,5.71
66,Koupela,0,BF,1547956211.0,27,12.18,-0.35,67.36640000000006,4.86
67,Harper,1,US,1547955300.0,59,30.3,-99.24,44.06000000000008,6.76
68,Galle,1,US,1547955300.0,56,29.74,-97.91,48.92000000000006,2.6
69,Narsaq,64,GL,1547952600.0,66,60.91,-46.05,14.0,3.1
70,Camarillo,1,US,1547953020.0,67,34.22,-119.04,69.08000000000004,1.5
71,Lorengau,80,PG,1547956212.0,100,-2.02,147.27,81.09140000000005,5.01
72,Arraial do Cabo,32,BR,1547955920.0,91,-22.97,-42.02,76.90640000000008,6.46
73,Estevan,90,CA,1547954100.0,76,49.14,-102.99,-2.199999999999953,8.2
74,Antibes,75,FR,1547955000.0,87,43.58,7.11,44.6,2.6
75,Chokurdakh,12,RU,1547955998.0,0,70.62,147.9,-42.61359999999995,1.21
76,Innisfail,90,CA,1547953200.0,84,52.02,-113.95,6.800000000000001,1.5
77,Fortuna,75,ES,1547953200.0,93,38.18,-1.13,51.8,1.5
78,Clyde River,90,CA,1547953200.0,82,70.47,-68.59,-23.799999999999947,1.0
79,Saldanha,36,PT,1547956213.0,96,41.42,-6.55,40.231400000000065,2.31
80,Severo-Kurilsk,88,RU,1547956213.0,97,50.68,156.12,33.25640000000006,7.91
81,Powell,90,US,1547955360.0,92,40.16,-83.08,30.920000000000062,5.7
82,Peniche,75,PT,1547953200.0,76,39.36,-9.38,55.400000000000006,8.7
83,Iguape,44,BR,1547956214.0,100,-24.7,-47.56,75.1964000000001,2.06
84,Cape Town,0,ZA,1547953200.0,71,-33.93,18.42,53.6,1.5
85,Bethel,90,US,1547955240.0,85,60.79,-161.76,12.2,1.5
86,Dukat,68,RS,1547956215.0,86,42.44,22.31,26.641400000000043,1.21
87,Bambous Virieux,40,MU,1547953200.0,83,-20.34,57.76,78.80000000000001,1.5
88,Tazovskiy,56,RU,1547956215.0,85,67.47,78.7,4.861400000000003,5.36
89,Kavieng,92,PG,1547956216.0,100,-2.57,150.8,77.76140000000001,4.26
90,Pemberton,0,AU,1547956216.0,28,-34.44,116.03,96.07820000000008,1.31
91,Kattivakkam,20,IN,1547955000.0,83,13.22,80.32,75.2,1.5
92,Kirakira,44,SB,1547956216.0,100,-10.46,161.92,84.24140000000006,2.76
93,Guerrero Negro,0,MX,1547956217.0,44,27.97,-114.04,61.15640000000006,4.11
94,Basco,1,US,1547955300.0,77,40.33,-91.2,12.02000000000006,6.2
95,Talnakh,56,RU,1547956217.0,76,69.49,88.39,-0.8085999999999558,6.01
96,Eureka,90,US,1547955300.0,100,40.8,-124.16,57.92000000000006,1.5
97,Mandalgovi,0,MN,1547956217.0,67,45.76,106.27,4.728200000000083,6.56
98,Sur,12,OM,1547956218.0,100,22.57,59.53,69.70640000000006,5.06
99,Butaritari,80,KI,1547956218.0,100,3.07,172.79,83.47820000000009,5.81
100,Sao Filipe,8,CV,1547956218.0,97,14.9,-24.5,71.01140000000001,7.61
101,Mehamn,76,NO,1547956218.0,87,71.03,27.85,20.836400000000005,4.36
102,Airai,80,TL,1547956218.0,83,-8.93,125.41,78.61640000000006,0.91
103,Camopi,76,GF,1547956219.0,98,3.17,-52.33,73.39640000000009,1.01
104,Aljezur,64,PT,1547956219.0,100,37.31,-8.8,58.8614,11.06
105,Seoul,1,KR,1547955000.0,29,37.57,126.98,35.06000000000008,1.5
106,Tuatapere,92,NZ,1547956219.0,100,-46.13,167.69,55.53140000000006,12.81
107,Codrington,40,AU,1547953200.0,55,-28.95,153.24,91.4,4.6
108,Jamestown,0,AU,1547956220.0,82,-33.21,138.6,70.5614,2.31
109,Kahului,40,US,1547952960.0,71,20.89,-156.47,78.08000000000004,8.2
110,Coihaique,0,CL,1547953200.0,55,-45.58,-72.07,62.6,1.5
111,Saskylakh,64,RU,1547956220.0,64,71.97,114.09,-22.093599999999938,5.36
112,Norman Wells,40,CA,1547953200.0,75,65.28,-126.83,-14.799999999999947,1.0
113,Eston,90,CA,1547954340.0,77,51.15,-108.75,5.0,7.2
114,Kano,0,NG,1547953200.0,51,11.99,8.53,60.8,36.0
115,Lebu,0,ET,1547955986.0,77,8.96,38.73,35.05640000000007,1.16
116,Masuguru,56,MZ,1547956221.0,98,-11.38,38.46,72.49640000000008,3.36
117,Launceston,0,AU,1547953200.0,32,-41.43,147.14,82.4,4.6
118,Alihe,0,CN,1547956222.0,49,50.57,123.73,4.728200000000083,2.06
119,San Luis,0,AR,1547956089.0,36,-33.3,-66.34,73.75640000000007,6.36
120,Macapa,40,BR,1547953200.0,150,0.05,-51.07,77.0,1.0
121,Lompoc,75,US,1547954100.0,87,34.64,-120.46,60.98000000000005,3.1
122,Demir Kapija,92,MK,1547956223.0,94,41.41,22.24,31.816400000000044,0.76
123,Bastrop,90,US,1547954100.0,70,32.78,-91.91,35.06000000000008,8.2
124,Bredasdorp,12,ZA,1547953200.0,76,-34.53,20.04,53.6,1.0
125,Khatanga,68,RU,1547956223.0,74,71.98,102.47,-11.33859999999995,3.56
126,Constitucion,5,MX,1547952540.0,39,23.99,-104.67,46.4,2.1
127,Klaksvik,92,FO,1547954400.0,80,62.23,-6.59,39.2,9.8
128,Kendari,8,ID,1547956224.0,80,-3.99,122.52,86.49140000000006,1.96
129,Beloha,44,MG,1547955962.0,89,-25.17,45.06,75.64640000000009,1.31
130,Sibolga,44,ID,1547956062.0,96,1.74,98.78,74.47820000000009,0.96
131,Atuona,56,PF,1547956224.0,100,-9.8,-139.03,78.79640000000009,6.66
132,Muros,75,ES,1547953200.0,93,42.77,-9.06,46.4,1.5
133,Saint Anthony,90,US,1547955120.0,91,43.97,-111.68,33.08000000000004,2.1
134,Strezhevoy,90,RU,1547955000.0,85,60.73,77.6,19.4,3.0
135,Carnarvon,0,ZA,1547956225.0,53,-30.97,22.13,48.061400000000006,4.81
136,Zhangye,80,CN,1547956220.0,93,38.94,100.46,16.561400000000003,1.61
137,Saint-Philippe,90,CA,1547955300.0,78,45.36,-73.48,-5.799999999999947,1.5
138,Valdivia,0,CL,1547953200.0,93,-39.81,-73.25,53.6,2.6
139,Geraldton,20,CA,1547953200.0,66,49.72,-86.95,-29.199999999999953,1.5
140,Vila Velha,20,BR,1547953200.0,94,-3.71,-38.6,77.0,2.1
141,Palana,32,RU,1547956226.0,75,59.08,159.95,29.161400000000004,4.76
142,Tiksi,12,RU,1547956226.0,0,71.64,128.87,-45.08859999999994,1.16
143,Gorgan,40,IR,1547953200.0,93,36.84,54.43,37.4,0.51
144,Port Lincoln,12,AU,1547955954.0,73,-34.72,135.86,73.7114,5.21
145,Barrow,0,AR,1547956227.0,62,-38.31,-60.23,67.45640000000006,6.36
146,Manturovo,68,RU,1547956227.0,77,58.33,44.76,14.446400000000086,3.41
147,Santo Domingo,20,DO,1547953200.0,94,18.48,-69.94,73.4,2.1
148,Lakes Entrance,0,AU,1547956228.0,77,-37.88,147.99,73.5782000000001,2.81
149,Larsnes,48,NO,1547954400.0,100,62.2,5.58,32.0,3.6
150,Honiara,56,SB,1547956228.0,84,-9.43,159.96,82.9364,1.51
151,Isangel,92,VU,1547956229.0,100,-19.55,169.27,78.84140000000005,8.36
152,Nybro,24,SE,1547954400.0,92,56.75,15.91,35.6,3.1
153,Belyy Yar,48,RU,1547955000.0,77,53.6,91.39,-2.199999999999953,1.31
154,Portland,90,US,1547955420.0,92,45.52,-122.67,46.94000000000002,2.1
155,Torbay,20,CA,1547953200.0,78,47.66,-52.73,14.0,7.7
156,Chuy,0,UY,1547956005.0,85,-33.69,-53.46,65.20640000000006,5.31
157,Dikson,64,RU,1547956230.0,100,73.51,80.55,6.616400000000045,4.91
158,Evensk,88,RU,1547956230.0,100,61.92,159.24,16.7864,9.31
159,Nova Olimpia,20,BR,1547956230.0,96,-14.8,-57.29,74.8364,1.31
160,Sorland,76,NO,1547956230.0,100,67.67,12.69,35.32820000000008,8.61
161,Kingman,1,US,1547952660.0,60,35.19,-114.05,44.96000000000008,2.6
162,Mlonggo,40,ID,1547953200.0,74,-6.53,110.7,86.0,2.6
163,Tambo,0,AU,1547956231.0,33,-24.88,146.25,93.55640000000007,6.51
164,Aasiaat,64,GL,1547956231.0,100,68.71,-52.87,12.016400000000043,6.26
165,Dyersburg,90,US,1547954280.0,92,36.03,-89.39,30.2,7.7
166,Saint-Georges,76,CA,1547956212.0,57,46.12,-70.67,-1.6185999999999368,1.41
167,Pacific Grove,1,US,1547954400.0,74,36.62,-121.92,59.0,0.81
168,Port Hardy,40,CA,1547953200.0,86,50.7,-127.42,41.0,3.1
169,Saint George,75,GR,1547954400.0,93,39.45,22.34,42.8,2.1
170,Paita,0,PE,1547956232.0,83,-5.09,-81.11,72.18140000000007,2.46
171,Gainesville,90,US,1547955060.0,90,29.65,-82.33,64.94000000000003,2.1
172,Kisangani,76,CD,1547956233.0,88,0.52,25.21,75.01640000000005,1.31
173,Sabha,8,LY,1547956233.0,95,27.03,14.43,52.066400000000044,3.41
174,Kropotkin,88,RU,1547956233.0,96,45.43,40.58,31.456400000000066,2.96
175,Madang,92,PG,1547956233.0,100,-5.21,145.81,75.37820000000008,2.11
176,Hualmay,44,PE,1547956234.0,98,-11.1,-77.61,66.37820000000008,0.56
177,Atambua,20,ID,1547956234.0,100,-9.11,124.89,81.67820000000009,2.76
178,Nome,1,US,1547954100.0,61,30.04,-94.42,42.08000000000004,7.2
179,Upernavik,32,GL,1547955946.0,100,72.79,-56.15,-9.403599999999969,2.31
180,Turner,0,AU,1547955000.0,37,-35.27,149.12,86.0,1.0
181,Papar,75,MY,1547955000.0,70,5.73,115.93,87.80000000000001,2.1
182,Chabahar,0,IR,1547956235.0,100,25.29,60.65,69.16640000000004,7.36
183,Inverell,64,AU,1547956235.0,67,-29.78,151.11,82.4864,2.16
184,Beira,92,ES,1547953200.0,76,43.2,-8.36,50.0,4.6
185,Vanimo,68,PG,1547956235.0,100,-2.67,141.3,78.4364,1.61
186,Cockburn Town,0,TC,1547956235.0,100,21.46,-71.14,78.39140000000005,8.61
187,Georgetown,20,GY,1547953200.0,94,6.8,-58.16,75.2,3.1
188,Cidreira,100,BR,1547956045.0,94,-30.17,-50.22,69.97820000000009,5.16
189,Sinnamary,92,GF,1547956236.0,97,5.38,-52.96,78.61640000000006,5.46
190,Nchelenge,92,ZM,1547956236.0,100,-9.35,28.74,65.29640000000009,0.56
191,Atar,0,MR,1547956236.0,60,20.52,-13.05,45.67820000000008,2.91
192,Abha,0,SA,1547953200.0,81,18.22,42.5,51.8,3.1
193,Kaitangata,76,NZ,1547956237.0,85,-46.28,169.85,59.356400000000065,15.66
194,Vestmannaeyjar,20,IS,1547956237.0,100,63.44,-20.27,35.686400000000006,8.41
195,Kita,75,JP,1547955000.0,65,35.76,139.74,50.0,2.1
196,Poum,90,MK,1547955000.0,100,41.28,20.71,33.8,0.5
197,Mountain Home,75,US,1547953080.0,97,43.13,-115.69,42.08000000000004,7.2
198,Inhambane,100,MZ,1547956238.0,100,-23.87,35.38,76.1864,15.86
199,Katsuura,75,JP,1547955000.0,67,33.93,134.5,57.2,10.8
200,Sikeston,90,US,1547955300.0,86,36.88,-89.59,30.2,7.2
201,Karatau,92,KZ,1547956238.0,94,43.18,70.46,32.356400000000065,1.31
202,Kintore,44,GB,1547954400.0,100,57.24,-2.34,32.0,2.6
203,Vardo,90,US,1547955240.0,88,39.62,-77.74,35.6,4.1
204,Alice Springs,20,AU,1547953500.0,12,-23.7,133.88,105.8,8.2
205,Yenagoa,0,NG,1547956239.0,94,4.92,6.26,74.88140000000007,2.71
206,Xining,76,CN,1547956131.0,73,36.62,101.77,10.756400000000063,1.16
207,Piracanjuba,12,BR,1547956239.0,84,-17.3,-49.02,72.13640000000001,1.16
208,Nouakchott,0,MR,1547953200.0,37,18.08,-15.98,55.400000000000006,4.1
209,Grand Gaube,40,MU,1547953200.0,83,-20.01,57.66,78.80000000000001,1.5
210,Alugan,92,PH,1547956240.0,100,12.22,125.48,76.27820000000008,9.36
211,Kilindoni,44,TZ,1547956240.0,100,-7.91,39.67,83.16140000000001,6.06
212,Saurimo,100,AO,1547956240.0,97,-9.66,20.4,65.56640000000004,1.31
213,Nanortalik,20,GL,1547955987.0,91,60.14,-45.24,23.986400000000003,5.56
214,Lardos,75,GR,1547954400.0,87,36.09,28.02,51.8,2.6
215,Cherskiy,8,RU,1547956240.0,58,68.75,161.3,-32.66859999999994,1.21
216,Hamilton,75,BM,1547952900.0,82,32.3,-64.78,62.6,3.1
217,Uyemskiy,90,RU,1547955000.0,83,64.47,40.85,-3.9999999999999503,4.0
218,Ugoofaaru,8,MV,1547956241.0,100,5.67,73.0,79.5614,2.31
219,Morehead,90,US,1547955600.0,93,38.18,-83.43,51.98000000000005,7.2
220,Ozu,75,JP,1547953200.0,76,33.51,132.54,53.6,10.3
221,Vao,68,EE,1547956139.0,83,59.1,26.19,24.436400000000003,7.76
222,Chapais,1,CA,1547954460.0,73,49.78,-74.86,-36.39999999999995,1.5
223,Boa Vista,0,BR,1547953200.0,65,2.82,-60.67,82.4,5.1
224,Joao Pinheiro,56,BR,1547956243.0,69,-17.74,-46.17,74.11640000000006,1.66
225,Ilulissat,76,GL,1547952600.0,84,69.22,-51.1,1.3999999999999986,5.1
226,Gerash,0,IR,1547953200.0,64,27.67,54.14,35.6,1.01
227,Ribeira Grande,76,PT,1547955997.0,100,38.52,-28.7,61.96640000000005,1.76
228,Yarada,0,IN,1547955000.0,69,17.65,83.27,75.2,2.6
229,Kasongo-Lunda,76,CD,1547956244.0,99,-6.48,16.82,68.94140000000004,0.91
230,Rongcheng,0,CN,1547956244.0,62,37.16,122.42,33.34640000000009,8.56
231,Tiznit,0,MA,1547956245.0,99,29.7,-9.73,49.8614,0.51
232,Hailar,8,CN,1547956245.0,74,49.2,119.7,4.231400000000065,3.91
233,Makakilo City,90,US,1547955480.0,69,21.35,-158.09,80.06000000000009,3.6
234,Kirovo-Chepetsk,76,RU,1547956245.0,89,58.54,50.03,12.691400000000044,3.86
235,Birao,0,CF,1547956245.0,50,10.3,22.78,59.941400000000044,4.21
236,Bathsheba,40,BB,1547953200.0,78,13.22,-59.52,77.0,5.7
237,Redmond,20,US,1547954100.0,70,47.67,-122.12,46.94000000000002,3.6
238,Khani,40,GE,1547955000.0,76,41.96,42.96,32.0,1.0
239,Dabas,90,HU,1547954100.0,100,47.17,19.32,30.2,2.1
240,Adiake,40,CI,1547953200.0,88,5.29,-3.3,82.4,2.1
241,Naze,0,NG,1547956246.0,88,5.43,7.07,75.33140000000006,3.46
242,Sayyan,0,YE,1547956247.0,69,15.17,44.32,34.51640000000005,1.16
243,La Cruz,0,MX,1547956247.0,71,23.92,-106.89,68.76140000000001,1.86
244,Caravelas,44,BR,1547956247.0,100,-17.73,-39.27,81.13640000000001,7.46
245,Awjilah,92,LY,1547956247.0,39,29.14,21.3,51.61640000000004,1.26
246,Kruisfontein,0,ZA,1547956248.0,91,-34.0,24.73,58.68140000000007,3.41
247,Zaraza,0,VE,1547956248.0,75,9.35,-65.33,76.27820000000008,5.11
248,Maniwaki,88,CA,1547956248.0,60,46.38,-75.98,-7.10859999999996,2.06
249,Preobrazheniye,36,RU,1547956248.0,56,42.9,133.91,10.891400000000043,3.06
250,Adrar,0,DZ,1547953200.0,33,27.87,-0.29,42.8,2.6
251,Houma,56,CN,1547956249.0,45,35.63,111.36,32.13140000000006,1.51
252,Salinopolis,88,BR,1547956249.0,100,-0.61,-47.36,78.84140000000005,4.31
253,Ariquemes,80,BR,1547956249.0,97,-9.91,-63.03,75.33140000000006,1.01
254,Flinders,75,AU,1547953200.0,61,-34.58,150.85,77.0,4.1
255,Luderitz,0,NA,1547956249.0,55,-26.65,15.16,61.96640000000005,6.81
256,Avera,90,US,1547955300.0,93,33.19,-82.53,64.4,2.6
257,Tasiilaq,8,GL,1547952600.0,79,65.61,-37.64,24.8,2.6
258,East London,0,ZA,1547953200.0,67,-33.02,27.91,60.8,2.1
259,Tevaitoa,76,PF,1547956250.0,97,-16.78,-151.5,84.33140000000006,5.21
260,Prince Rupert,90,CA,1547953200.0,93,54.32,-130.32,42.8,8.2
261,Ginda,44,IN,1547956065.0,72,30.69,78.49,36.046400000000084,1.21
262,Te Anau,92,NZ,1547956250.0,97,-45.41,167.72,51.39140000000005,7.46
263,Zhanaozen,24,KZ,1547956251.0,86,43.35,52.85,28.396400000000085,3.31
264,Mungwi,92,ZM,1547956251.0,99,-10.17,31.37,62.05640000000007,1.76
265,Laguna,0,MX,1547956251.0,70,27.52,-110.01,62.77820000000008,1.01
266,Longyearbyen,20,NO,1547952600.0,64,78.22,15.63,-2.199999999999953,2.6
267,San Carlos de Bariloche,0,AR,1547953200.0,48,-41.13,-71.31,64.4,3.1
268,Husavik,12,CA,1547956252.0,71,50.56,-96.99,-36.538599999999946,2.51
269,Voyinka,36,UA,1547956252.0,90,45.87,33.99,24.031400000000065,3.51
270,Marrakesh,75,MA,1547953200.0,87,31.63,-7.99,48.2,1.0
271,Komsomolskiy,76,RU,1547956068.0,88,67.55,63.78,12.828200000000084,5.61
272,Grindavik,75,IS,1547955240.0,86,63.84,-22.43,30.2,12.9
273,Ratnagiri,0,IN,1547956252.0,100,16.98,73.3,76.8614,2.41
274,Paraiso,5,MX,1547952540.0,39,24.01,-104.61,46.4,2.1
275,Cap Malheureux,40,MU,1547953200.0,83,-19.98,57.61,78.80000000000001,1.5
276,Verkhnevilyuysk,64,RU,1547956253.0,66,63.45,120.31,-14.893599999999935,2.41
277,Sabang,92,PH,1547956253.0,100,13.72,123.58,75.1964000000001,7.61
278,Eyl,0,SO,1547956063.0,100,7.98,49.82,70.83140000000006,6.66
279,Adre,0,TD,1547956254.0,48,13.47,22.2,53.9114,2.51
280,Saint-Augustin,92,FR,1547953200.0,100,44.83,-0.61,41.0,1.5
281,Quatre Cocos,40,MU,1547953200.0,83,-20.21,57.76,78.80000000000001,1.5
282,Mumbwa,20,ZM,1547956254.0,93,-14.99,27.06,63.63140000000007,2.91
283,Yate,90,GB,1547954520.0,100,51.54,-2.41,42.8,1.5
284,Bilibino,0,RU,1547956255.0,82,68.06,166.44,-39.823599999999985,1.41
285,Jalingo,0,NG,1547956255.0,63,10.21,12.82,57.646400000000085,1.96
286,Zalantun,8,CN,1547956255.0,36,48.0,122.72,15.528200000000083,2.91
287,Chongqing,90,CN,1547953200.0,93,29.56,106.55,46.4,1.0
288,Kuryk,32,KZ,1547956255.0,97,43.18,51.68,29.928200000000082,1.51
289,Sioux Lookout,5,CA,1547953200.0,66,50.1,-91.92,-20.199999999999953,1.5
290,Altay,0,CN,1547956256.0,48,47.83,88.13,-12.46359999999995,1.16
291,La Serena,20,CL,1547953200.0,87,-29.9,-71.25,59.0,3.1
292,Mana,92,RS,1547955000.0,100,43.52,20.24,33.8,1.0
293,Solnechnyy,56,RU,1547956256.0,70,50.72,136.64,-2.158599999999957,1.71
294,Buraydah,0,SA,1547953200.0,87,26.33,43.97,42.8,2.1
295,Kalinagar,24,IN,1547956257.0,82,28.62,80.08,50.44640000000008,1.56
296,Gadsden,90,US,1547955300.0,93,34.01,-86.01,51.98000000000005,7.7
297,Aklavik,90,CA,1547953200.0,76,68.22,-135.01,-3.9999999999999503,2.71
298,Souillac,90,FR,1547953200.0,93,45.6,-0.6,42.8,2.1
299,Snasa,80,NO,1547956257.0,80,64.25,12.38,22.096400000000084,1.96
300,Bojnurd,75,IR,1547953200.0,92,37.47,57.33,28.4,2.1
301,Abu Dhabi,40,AE,1547953200.0,59,24.47,54.37,64.4,4.6
302,Izumo,40,JP,1547953200.0,53,35.37,132.75,51.8,6.2
303,Sobolevo,64,RU,1547956030.0,88,54.43,31.9,23.941400000000044,7.26
304,Kastamonu,12,TR,1547956258.0,76,41.38,33.78,9.046400000000084,1.81
305,Hare Bay,75,CA,1547953200.0,65,48.86,-53.99,8.599999999999998,5.7
306,Lokhvytsya,20,UA,1547956259.0,65,50.37,33.26,6.256400000000063,1.31
307,Syamzha,76,RU,1547956259.0,80,60.02,41.06,11.881400000000063,4.41
308,Humaita,75,AR,1547954400.0,93,-24.93,-65.37,64.4,2.6
309,Nanakuli,90,US,1547955480.0,82,21.39,-158.15,80.06000000000009,3.6
310,Tecoanapa,90,MX,1547952480.0,78,16.99,-99.26,78.80000000000001,1.5
311,Leningradskiy,32,RU,1547956260.0,99,69.38,178.42,-8.50359999999997,7.46
312,Chatellerault,90,FR,1547953200.0,100,46.8,0.53,41.0,3.6
313,West Des Moines,40,US,1547955300.0,77,41.56,-93.76,4.640000000000018,5.1
314,Rawson,0,AR,1547956260.0,14,-43.3,-65.11,83.11640000000006,7.91
315,Ikongo,24,MG,1547956260.0,94,-21.88,47.44,65.47820000000009,1.26
316,Naron,68,ES,1547953200.0,76,43.52,-8.15,50.0,4.6
317,Ponta do Sol,36,BR,1547956261.0,93,-20.63,-46.0,67.45640000000006,0.56
318,Opoczno,0,PL,1547956261.0,78,51.38,20.29,18.678200000000082,1.31
319,Thompson,5,CA,1547953200.0,73,55.74,-97.86,-32.799999999999955,1.26
320,Salalah,0,OM,1547952600.0,46,17.01,54.1,71.6,10.8
321,Mount Isa,0,AU,1547955000.0,14,-20.73,139.49,107.60000000000001,8.2
322,Najran,5,SA,1547953200.0,49,17.54,44.22,48.2,0.71
323,Beyneu,80,KZ,1547956262.0,96,45.32,55.19,14.356400000000065,1.66
324,Aras,0,YE,1547956262.0,72,14.28,44.38,33.8864,1.06
325,Victoria,75,BN,1547955000.0,83,5.28,115.24,87.80000000000001,3.1
326,Lucapa,88,AO,1547956263.0,95,-8.42,20.74,64.44140000000004,0.86
327,Mandera,0,ET,1547956264.0,55,3.94,41.86,66.37820000000008,1.76
328,Hami,56,CN,1547956264.0,81,42.84,93.51,18.316400000000044,0.31
329,Jerantut,44,MY,1547956264.0,89,3.94,102.37,77.4464000000001,0.96
330,Marawi,92,PH,1547956264.0,100,8.0,124.29,70.06640000000004,1.46
331,Mishan,64,CN,1547956264.0,48,45.55,131.88,6.256400000000063,6.11
332,Berlevag,76,NO,1547956265.0,100,70.86,29.09,19.891400000000043,3.91
333,Taylor,1,US,1547955300.0,52,30.57,-97.41,44.96000000000008,4.1
334,Gorlice,36,PL,1547956265.0,65,49.66,21.16,10.486400000000003,1.21
335,Rio Grande,76,BR,1547956141.0,95,-32.03,-52.1,69.93140000000007,8.01
336,Vagur,92,FO,1547956266.0,100,61.47,-6.81,44.416400000000046,9.71
337,Kantang,20,TH,1547953200.0,62,7.42,99.52,86.0,6.2
338,Penzance,80,GB,1547952600.0,87,50.12,-5.53,44.6,4.6
339,Ostrovnoy,0,RU,1547956267.0,77,68.05,39.51,-12.643599999999935,1.26
340,Pringsewu,12,ID,1547956267.0,82,-5.36,104.98,83.02820000000008,1.06
341,Jackson,90,US,1547955300.0,88,35.61,-88.82,32.0,10.8
342,Antanifotsy,44,MG,1547956268.0,94,-19.66,47.32,59.896400000000085,1.36
343,Palmer,20,US,1547953560.0,78,61.6,-149.11,8.960000000000083,1.21
344,Tyler,1,US,1547955300.0,68,32.35,-95.3,33.08000000000004,8.21
345,Beringovskiy,80,RU,1547956268.0,100,63.05,179.32,2.836400000000001,3.11
346,Seymchan,20,RU,1547955987.0,74,62.93,152.39,-37.888599999999954,1.16
347,Richards Bay,92,ZA,1547956269.0,99,-28.77,32.06,65.92820000000009,5.76
348,Kaspiyskiy,64,RU,1547956269.0,86,45.39,47.37,32.356400000000065,4.81
349,Acapulco,90,MX,1547952480.0,78,16.86,-99.88,78.80000000000001,1.5
350,La Primavera,0,AR,1547953200.0,60,-32.92,-68.67,75.2,1.0
351,Taoudenni,0,ML,1547956270.0,41,22.68,-3.98,36.586400000000005,1.61
352,Ananas,56,HT,1547956270.0,95,19.25,-71.96,68.04140000000004,1.16
353,Tabou,68,CI,1547956270.0,100,4.42,-7.36,79.06640000000004,2.46
354,Chipiona,12,PE,1547956270.0,91,-14.54,-75.2,56.74640000000009,0.56
355,Evora,90,PT,1547953200.0,93,38.57,-7.9,53.6,7.7
356,Champerico,20,MX,1547952120.0,65,16.38,-93.6,77.0,6.2
357,Istiaia,75,GR,1547954400.0,93,38.96,23.15,42.8,2.1
358,Nantucket,90,US,1547955360.0,88,41.28,-70.1,35.96000000000008,6.2
359,Kiruna,0,SE,1547954400.0,92,67.86,20.23,14.0,0.5
360,Mangan,0,IN,1547956272.0,37,27.5,88.54,17.956400000000066,0.46
361,Byron Bay,56,AU,1547955000.0,58,-28.65,153.62,91.4,5.1
362,Baikunthpur,0,IN,1547956272.0,74,23.26,82.56,52.606400000000065,0.76
363,Cooma,8,AU,1547953200.0,25,-36.24,149.13,86.0,3.6
364,Tilichiki,92,RU,1547956273.0,84,60.47,166.1,25.966400000000043,4.11
365,Trat,20,TH,1547953200.0,74,12.25,102.51,86.0,1.0
366,Pakaur,0,IN,1547956273.0,82,24.64,87.92,62.64140000000005,1.86
367,Baykalsk,12,RU,1547956273.0,69,51.52,104.15,12.286400000000004,2.41
368,Ciudad Bolivar,0,VE,1547956273.0,53,8.12,-63.55,81.40640000000008,6.86
369,Sombrio,92,BR,1547956274.0,100,-29.11,-49.63,70.83140000000006,3.66
370,Haines Junction,36,CA,1547956274.0,64,60.75,-137.51,-10.888599999999947,0.96
371,Wonthaggi,0,AU,1547956274.0,72,-38.6,145.59,73.66640000000004,1.66
372,Bloemfontein,0,ZA,1547953200.0,71,-29.12,26.22,55.400000000000006,2.1
373,Breznita-Motru,90,RO,1547953200.0,86,44.57,23.22,30.2,5.7
374,Tual,88,ID,1547956006.0,100,-5.67,132.75,77.9864,6.06
375,Urengoy,24,RU,1547956275.0,69,65.96,78.37,-5.308599999999956,4.41
376,Manthani,0,IN,1547956275.0,70,18.65,79.67,68.53640000000001,1.36
377,Pangai,75,TO,1547953200.0,88,-19.8,-174.35,82.4,5.1
378,La Ronge,5,CA,1547953200.0,74,55.1,-105.3,-27.39999999999995,3.6
379,Mastic Beach,90,US,1547955480.0,88,40.77,-72.85,35.6,4.6
380,Nelson Bay,90,AU,1547953320.0,73,-32.72,152.14,77.0,4.6
381,Nouadhibou,0,MR,1547956276.0,81,20.93,-17.03,58.8614,6.36
382,Amahai,76,ID,1547956276.0,99,-3.31,129.0,84.46640000000005,4.01
383,Hope,90,CA,1547956140.0,87,49.38,-121.43,42.8,3.1
384,Bilma,0,NE,1547956276.0,48,18.69,12.92,48.7364,2.71
385,Paamiut,80,GL,1547956277.0,100,61.99,-49.67,27.586400000000005,8.61
386,Inuvik,90,CA,1547953200.0,76,68.36,-133.71,-3.9999999999999503,1.36
387,Vinh,92,VN,1547956277.0,100,18.67,105.69,67.45640000000006,2.31
388,Alyangula,75,AU,1547955000.0,94,-13.85,136.42,80.6,2.6
389,Balaipungut,68,ID,1547956278.0,71,1.11,101.31,84.0614,1.51
390,Mnogovershinnyy,0,RU,1547956278.0,75,53.94,139.92,-3.5535999999999675,1.21
391,Quang Ngai,36,VN,1547956278.0,86,15.12,108.8,73.75640000000007,1.16
392,Vanavara,36,RU,1547956278.0,73,60.35,102.28,13.636400000000002,3.46
393,Itarema,32,BR,1547956278.0,96,-2.92,-39.92,76.1864,2.21
394,Meulaboh,64,ID,1547956279.0,100,4.14,96.13,78.61640000000006,2.31
395,Rome,75,IT,1547954400.0,75,41.89,12.48,44.6,2.1
396,Salcedo,20,DO,1547953200.0,88,19.38,-70.42,73.4,4.1
397,San Patricio,44,PY,1547956280.0,79,-26.98,-56.83,72.04640000000009,2.66
398,Mendoza,0,AR,1547953200.0,60,-32.89,-68.84,75.2,1.0
399,Samarai,92,PG,1547956280.0,100,-10.62,150.67,78.70640000000006,6.36
400,Badiraguato,5,MX,1547952000.0,77,25.36,-107.55,69.80000000000001,0.91
401,Gat,0,SN,1547955000.0,25,14.69,-16.54,66.2,8.2
402,Hofn,0,IS,1547956280.0,100,64.25,-15.21,37.128200000000085,7.01
403,Esperance,20,TT,1547953200.0,88,10.24,-61.45,75.2,1.5
404,Tezu,0,IN,1547956039.0,40,27.93,96.16,55.981400000000065,0.71
405,Russell,0,AR,1547953200.0,60,-33.01,-68.8,75.2,1.0
406,Klyuchi,88,RU,1547956281.0,89,52.25,79.17,24.031400000000065,5.11
407,Coos Bay,90,US,1547952960.0,96,43.37,-124.22,48.92000000000006,2.6
408,Kjopsvik,32,NO,1547954400.0,84,68.1,16.37,8.599999999999998,3.6
409,Honningsvag,44,NO,1547956282.0,100,70.98,25.97,21.556400000000064,5.21
410,Abapo,92,BO,1547956282.0,86,-18.83,-63.47,66.64640000000009,1.21
411,Coquimbo,20,CL,1547953200.0,87,-29.95,-71.34,59.0,3.1
412,Changying,0,CN,1547956283.0,59,52.87,123.32,-3.1935999999999396,1.51
413,Gallup,1,US,1547952780.0,81,35.53,-108.74,33.98000000000004,1.5
414,Kindu,64,CD,1547956283.0,99,-2.95,25.92,70.74140000000006,1.26
415,Magadan,88,RU,1547956283.0,100,59.56,150.8,16.696400000000082,9.71
416,Port Augusta,88,AU,1547953200.0,30,-32.49,137.76,84.2,4.6
417,Iqaluit,5,CA,1547953200.0,74,63.75,-68.52,-23.799999999999947,2.1
418,Santa Rosa,0,AR,1547956118.0,48,-36.62,-64.29,70.3364,7.26
419,Sokolo,0,ML,1547956285.0,31,14.74,-6.12,55.30640000000007,5.31
420,Nassau,0,DE,1547954400.0,85,51.17,13.51,23.0,2.1
421,Kamaishi,75,JP,1547953200.0,69,39.28,141.86,39.2,3.6
422,Altagracia de Orituco,0,VE,1547956286.0,64,9.86,-66.38,74.6114,5.76
423,Puerto Baquerizo Moreno,92,EC,1547956286.0,100,-0.9,-89.6,78.2114,4.21
424,Yuza,75,JP,1547955540.0,100,39.05,139.95,37.4,1.5
425,Manga,0,BF,1547956287.0,25,11.67,-1.07,69.70640000000006,4.56
426,Belmonte,68,PT,1547956287.0,96,40.36,-7.35,39.46640000000004,1.16
427,Pionerskiy,8,RU,1547956287.0,89,61.2,62.86,19.441400000000044,2.41
428,Ust-Maya,32,RU,1547956287.0,75,60.42,134.54,-37.75359999999996,1.51
429,Morant Bay,20,JM,1547953200.0,57,17.88,-76.41,78.80000000000001,3.1
430,Khasan,0,RU,1547956288.0,95,42.43,130.64,19.261400000000002,7.71
431,Walvis Bay,90,NA,1547953200.0,77,-22.95,14.51,62.6,6.2
432,Port Macquarie,90,AU,1547953200.0,65,-31.43,152.91,82.4,4.1
433,Praia da Vitoria,40,PT,1547953200.0,93,38.73,-27.07,53.6,3.31
434,Barpathar,0,IN,1547956288.0,74,26.3,93.87,62.01140000000001,0.91
435,Donji Vakuf,88,BA,1547956082.0,94,44.14,17.4,27.406400000000065,0.86
436,Ambovombe,20,MG,1547956289.0,98,-25.18,46.09,75.10640000000006,1.16
437,Teguise,0,ES,1547955000.0,72,29.06,-13.56,62.6,1.5
438,Dicabisagan,80,PH,1547956289.0,100,17.08,122.42,73.66640000000004,4.81
439,Horta,80,ES,1547953200.0,100,41.43,2.16,44.6,3.86
440,Enshi,92,CN,1547956161.0,100,30.29,109.48,37.711400000000005,1.61
441,Mozarlandia,88,BR,1547956290.0,72,-14.74,-50.57,77.89640000000009,2.06
442,Cornwall,90,CA,1547954100.0,76,45.02,-74.73,-5.0799999999999415,5.1
443,Lazaro Cardenas,5,MX,1547952360.0,35,28.39,-105.62,39.2,1.06
444,Karwar,0,IN,1547956290.0,67,14.8,74.13,69.16640000000004,1.06
445,Kozhva,44,RU,1547956290.0,85,65.11,57.05,-5.893599999999935,1.26
446,Oyama,20,JP,1547953200.0,37,36.31,139.8,50.0,3.1
447,Presidencia Roque Saenz Pena,44,AR,1547956291.0,91,-26.79,-60.44,64.66640000000004,2.81
448,Grootfontein,32,NA,1547956291.0,96,-19.56,18.1,62.2364,0.51
449,Karratha,0,AU,1547956291.0,27,-20.74,116.85,102.10640000000006,3.01
450,Wangqing,0,CN,1547956292.0,44,43.31,129.76,10.891400000000043,4.26
451,Konevo,92,BG,1547956292.0,100,41.67,25.61,40.27820000000008,1.16
452,Andra,76,RU,1547956292.0,91,62.52,65.89,19.081400000000066,1.36
453,Black Forest,0,AU,1547955000.0,41,-34.96,138.58,78.80000000000001,6.2
454,Bandiagara,0,ML,1547953200.0,29,14.35,-3.61,60.8,5.1
455,Frederico Westphalen,44,BR,1547956293.0,88,-27.36,-53.4,69.84140000000005,5.56
456,Palauig,32,PH,1547956293.0,71,15.44,119.9,83.34140000000005,2.36
457,Hay River,90,CA,1547953200.0,70,60.82,-115.79,1.3999999999999986,4.6
458,Provideniya,88,RU,1547956293.0,100,64.42,-173.23,14.178200000000082,1.71
459,Aitape,80,PG,1547956293.0,98,-3.15,142.36,81.04640000000009,0.41
460,Namatanai,92,PG,1547956294.0,100,-3.66,152.44,80.64140000000005,7.41
461,Yatou,75,CM,1547953200.0,94,3.63,9.81,77.0,1.0
462,Ahipara,92,NZ,1547956294.0,87,-35.17,173.16,71.50640000000007,4.91
463,Ivanovskoye,68,RU,1547956294.0,93,51.61,34.94,19.711400000000005,3.76
464,Minab,0,IR,1547955000.0,61,27.15,57.07,48.2,2.1
465,Martyush,92,RU,1547956295.0,79,56.4,61.89,15.528200000000083,2.96
466,Tiarei,40,PF,1547955000.0,66,-17.53,-149.33,84.2,5.1
467,Port Blair,48,IN,1547956295.0,100,11.67,92.75,82.26140000000001,7.16
468,Qaqortoq,68,GL,1547952600.0,66,60.72,-46.03,14.0,3.1
469,Bom Jesus,24,BR,1547956295.0,81,-9.08,-44.36,76.41140000000001,3.21
470,Broome,0,GB,1547954400.0,100,52.47,1.45,28.4,0.5
471,Kamennomostskiy,64,RU,1547956296.0,87,44.29,40.18,27.136400000000002,0.71
472,Sarangani,8,PH,1547956296.0,95,5.4,125.46,81.9464000000001,9.16
473,Liberty,90,US,1547955300.0,100,39.64,-84.93,26.960000000000083,12.11
474,Zhaotong,80,CN,1547956297.0,79,27.34,103.71,31.816400000000044,1.41
475,Bestobe,32,KZ,1547956300.0,75,52.5,73.1,17.056400000000064,3.86
476,Zhigansk,76,RU,1547956300.0,37,66.77,123.37,-24.88359999999996,5.01
477,Lac du Bonnet,0,CA,1547956300.0,52,50.25,-96.06,-30.958599999999954,1.81
478,Lancaster,90,US,1547955480.0,95,40.04,-76.31,35.96000000000008,2.1
479,Kundiawa,92,PG,1547956301.0,95,-6.02,144.97,62.686400000000006,0.76
480,Puerto Rico,32,PY,1547956085.0,87,-26.82,-55.03,70.83140000000006,1.31
481,Tura,0,IN,1547956301.0,90,25.52,90.21,61.69640000000008,1.56
482,Bereda,88,ES,1547953200.0,76,43.27,-7.54,50.0,4.6
483,Sibirskiy,0,RU,1547955000.0,73,53.58,83.77,21.2,5.0
484,Senador Pompeu,24,BR,1547956302.0,95,-5.58,-39.37,69.79640000000009,1.66
485,Simao,36,CN,1547956302.0,93,22.76,100.79,54.94640000000008,1.31
486,Saint-Francois,80,FR,1547953200.0,81,46.42,3.91,32.0,1.5
487,Martapura,40,ID,1547953200.0,79,-3.41,114.85,86.0,2.6
488,Tromso,20,NO,1547954400.0,85,69.65,18.96,21.2,7.2
489,Smithers,90,CA,1547953200.0,78,54.78,-127.17,37.4,5.7
490,Sompeta,0,IN,1547956303.0,66,18.93,84.6,68.53640000000001,2.46
491,Roebourne,0,AU,1547956303.0,27,-20.77,117.15,102.10640000000006,3.01
492,Renfrew,90,GB,1547954400.0,93,55.88,-4.39,35.6,1.0
493,Coahuayana,76,MX,1547956303.0,66,18.62,-100.35,64.75640000000007,0.81
494,Egvekinot,8,RU,1547956303.0,72,66.32,-179.17,-25.018599999999935,1.46
495,Barahona,0,DO,1547956304.0,100,18.21,-71.1,77.94140000000004,7.06
496,Burnie,0,AU,1547956304.0,84,-41.05,145.91,69.16640000000004,6.41
497,Kysyl-Syr,76,RU,1547956304.0,39,63.9,122.77,-25.873599999999975,4.76
498,Novobelokatay,88,RU,1547956304.0,90,55.7,58.96,19.666400000000046,2.11
499,Lumphat,0,KH,1547956304.0,60,13.5,106.97,82.21640000000005,1.61
500,Ler,75,NO,1547952600.0,86,63.2,10.3,28.4,5.7
501,Charters Towers,48,AU,1547956305.0,72,-20.07,146.27,84.0614,5.41
502,Tara,20,JP,1547953200.0,62,33.0,130.15,57.2,6.7
503,Japura,20,ID,1547956305.0,65,-0.42,102.29,84.10640000000006,1.31
504,Sao Miguel do Araguaia,36,BR,1547956305.0,93,-13.28,-50.16,75.9614,1.56
505,Boralday,75,KZ,1547955000.0,85,43.36,76.86,24.8,1.0
506,Obo,0,CF,1547956306.0,65,5.39,26.49,61.831400000000066,2.66
507,Lavrentiya,80,RU,1547956306.0,100,65.58,-170.99,1.7564000000000632,3.81
508,Pochutla,64,MX,1547956306.0,100,15.74,-96.47,79.06640000000004,0.16
509,Coari,56,BR,1547956306.0,98,-4.09,-63.14,75.28640000000001,2.71
510,Damaturu,0,NG,1547956044.0,64,11.75,11.96,55.441400000000044,1.51
511,Santa Cruz de la Palma,32,ES,1547955000.0,67,28.68,-17.76,62.6,4.6
512,Labuhan,48,ID,1547956310.0,85,-2.54,115.51,82.39640000000009,1.41
513,Encruzilhada do Sul,44,BR,1547956310.0,91,-30.54,-52.52,64.5782000000001,6.16
514,College,90,US,1547954880.0,70,64.86,-147.8,-2.0199999999999605,1.36
515,Cabo San Lucas,5,MX,1547952360.0,64,22.89,-109.91,68.0,1.61
516,Kaeo,100,NZ,1547956311.0,65,-35.1,173.78,78.48140000000006,5.41
517,Talara,0,PE,1547956311.0,83,-4.58,-81.27,72.18140000000007,2.46
518,Huarmey,20,PE,1547956311.0,87,-10.07,-78.15,65.34140000000005,1.31
519,Manono,92,CD,1547956311.0,99,-7.3,27.4,68.4464000000001,0.76
520,Hargeysa,0,SO,1547956312.0,74,9.56,44.06,39.691400000000044,2.01
521,Lambare,20,PY,1547953200.0,88,-25.35,-57.61,68.0,2.6
522,Canutama,8,BR,1547956312.0,96,-6.53,-64.38,76.45640000000006,1.01
523,Alta Floresta,32,BR,1547956310.0,86,-9.87,-56.08,77.13140000000007,1.51
524,Namibe,88,AO,1547956018.0,100,-15.19,12.15,74.79140000000004,1.21
525,Gari,56,RU,1547956312.0,89,59.43,62.35,22.728200000000083,2.21
526,Christchurch,0,NZ,1547955000.0,22,-43.53,172.64,78.80000000000001,6.2
527,Moose Factory,1,CA,1547953680.0,73,51.26,-80.61,-29.199999999999953,1.0
528,Cururupu,88,BR,1547956313.0,92,-1.82,-44.87,77.89640000000009,2.41
529,Springbok,0,ZA,1547956313.0,46,-29.67,17.88,49.186400000000006,2.26
530,Santa Cruz del Sur,0,CU,1547956314.0,90,20.71,-78.0,71.95640000000006,1.51
531,Hasaki,75,JP,1547955000.0,100,35.73,140.83,50.0,2.6
532,Mayo,90,CA,1547953200.0,77,63.59,-135.9,-0.39999999999994884,1.16
533,Havoysund,76,NO,1547954400.0,67,71.0,24.66,23.0,7.7
534,Vaitape,48,PF,1547956282.0,100,-16.52,-151.75,81.67820000000009,3.86
535,Salta,75,AR,1547954400.0,93,-24.79,-65.41,64.4,2.6
536,Tupik,64,RU,1547956314.0,65,54.43,119.94,-10.393599999999935,0.76
537,Petropavlovsk-Kamchatskiy,75,RU,1547955000.0,64,53.05,158.65,37.4,2.0
538,Mindelo,40,PT,1547953200.0,81,41.31,-8.72,51.8,6.2
539,Khromtau,64,KZ,1547956315.0,79,50.26,58.44,5.716400000000043,1.41
540,Narrabri,76,AU,1547953200.0,17,-30.33,149.78,104.0,3.6
541,Methoni,48,GR,1547954400.0,87,36.82,21.7,48.2,2.6
